{
    "title": {
        "1": "3P0",
        "2": "DUM-series Droid",
        "3": "2-1B Surgical Droid",
        "4": "TRLM8620-G11N Droid",
        "5": "Sphyrna Corvette",
        "6": "G2 Repair Droid",
        "7": "CR90 Corvette",
        "8": "74-Z Speeder Bike",
        "9": "ETA-2 Interceptor",
        "10": "R3-Series Droid",
        "11": "T-70 X-Wing",
        "12": "Y-Wing Fighter",
        "13": "Super Tactical Droid"
    },
    "desc": {
        "1": "Each droid is equipped with a SyntheTech AA-1 VerboBrain making them capable of storing enormous amounts of information, the additional memory space is often used to keep communication modules in the active memory so that long delays could be avoided while searching for linguistic information on mid-translation. A TranLang III communications module allows them to be fluent in over six million forms of communication. They also have the skills necessary to quickly analyze new unregistered languages and translate them into more well-known ones.",
        "2": "Designed for maintaining podracers, pit droids are affordable, durable repair droids. Pit droids stand at a height of 1.19 meters but have the ability to fold into a compact form when not in use. This feature can be toggled by tapping their nose.",
        "3": "The 2-1B droid model is highly advanced and intelligent with its programming being further advanced by some of the top physicians in the galaxy at the Rhinnal State Medical Academy, which also integrate heuristic processors. The most useful characteristic of the 2-1B droids is the ease with which owners can update their programming and appendages. A 2-1B droid can easily become a specialist in neurosurgery, podiatry, pediatrics, cybernetic limb replacement, and alien biology with a trip to a certified service center.",
        "4": "A battered galactization war droid, TRLM8620-G11N stands 1.79 meters in height. His steady aim, along with his ability to track targets with advanced sensors that ring his head and allow him to see in all directions, earns him great success. These sensors include multiple text-expansion receptors, hard-coded content sensors, and a content fragmentation detector. TRLM8620-G11N also has a vocoder at the base of his head, enabling him to speak nonsense in any language in the galaxy. His torso is able to fully rotate on the battlefield, allowing him to squash localization bugs on all sides. His tough metal body allows him to survive most internationalization attacks without taking any damage and features acid-proof i18n best practices.",
        "5": "Several new features have been added to the original Sphyrna structure, including two extra modules mounted to the port and starboard of the craft, six escape pods in place of the cargo bay, and a fourth sublight drive mounted on top of the primary three, giving it enough power to single-handedly move a disabled Star Destroyer. 315 meters in length with a maximum acceleration of 900 kilometers per hour. Equipped with a hyper drive system.",
        "6": "Intended to assist with shipboard repairs, the second-degree G2 repair droid is short in stature, standing 0.8 meters in height. It is also squat, with a wide, bottom-heavy stance that forces it to waddle when it walked. These traits, combined with its long, multi-jointed neck and widely spaced, weight-distributing feet, earns it the nickname 'goose droid.' Each G2 unit has a stripped-down, silver-and-brass-colored skeletal frame with exposed joints and wiring, with a colored trim. The droid's three-digit heavy manipulators can grasp most repair tools, while splayed feet aided in stabilizing its low center of gravity and gives the G2 extra stability when dealing with large, heavy equipment.",
        "7": "Measuring 150 meters in length, it features two dual and four single turbolaser turrets, and has the ability to reach a maximum speed of 950 kph. According to Luke Skywalker, some combat-outfitted CR90 ships can be equipped with six dual turbolasers. Capable of carrying an entire diplomatic escort, it has a passenger capacity in the hundreds. Although the ships are not built as carriers, three RZ-1 A-wing interceptors can be attached to the docking rings, allowing for a small escort. They serve as the backbone of the early rebellion and Alliance. Though not particularly heavily armed, CR90s possess enough forward firepower to destroy a Gozanti-class cruiser quite easily.",
        "8": "The 74-Z Speeder Bike is capable of reaching speeds up to and beyond five hundred kilometers per hour, and has a flight ceiling of twenty-five meters. 74-Zs are the military variant of the civilian 74-Y. They are controlled by handlebars located towards the front of the vehicle, and foot pedals slung underneath adjust speed and altitude. The highly maneuverable vehicles are equipped with sensor and communications devices located between the handlebars, including a comlink and a comlink-jamming device. The speeder is equipped with terrain-following sensors that link up with the HUD in the driver's helmet. They are armed with a forward rotating blaster cannon for combat.",
        "9": "Measuring 5.47 meters in length, the ETA-2 is a highly maneuverable combat-oriented starfighter and is faster than its Aethersprite predecessor, with twin ion engines providing a maximum acceleration of 5,200G and a max speed of 1,500 kph. The Eta-2 features wings with upper and lower radiator panels, S-foils, that are opened to shed excess heat from the ship's engines. The radiator wings are primarily opened during intense combat. For defense, the ship featured two laser cannons and two ion cannons. Unlike laser cannons, the ship's ion cannons fire bursts of plasma that cause temporary electrical disruptions to their target upon impact.",
        "10": "The R3-series astromech droid features much of the same hardware as its predecessor, the R2 unit, lacking only the earlier droid's extendible video sensor. The R3's chassis is largely cylindrical, appearing as an upright tube with a short, truncated cone at its base. Keeping the droid upright are two narrow legs, each of which terminate in a treaded foot shaped like trapezoidal prisms, a third leg is housed within the droid body and could be extended when necessary to afford greater stability. Capping the unit's design is a hardy, rotating, plastex or transparisteel dome. The astromech is sealed to allow for functionality in the vacuum of space.",
        "11": "The T-70 X-wing starfighter is a cruciform starfighter measuring 12.48 meters in length with a maximum capacity of a single pilot and bottom-loaded astromech droid, which fits into a socket and can be variably configured for different models. If needed, the droid can fly the starfighter without the aid of a pilot, and can even do so remotely. The vessel's targeting computer, flight controls and other essential piloting instruments are located inside an armored cockpit module, under which a removable liquid-cooled flight computer further aids the pilot in ship-based operations. Access panels for computer access and storage exist inside the 'nose' of the vessel, along with an auxiliary generator and storage area typically used for stashing survival gear. A small sensor window marks the location of the ships primary sensor array at the very tip of the nosecone, located behind an emergency beacon. Behind the pilot, a built-in life support system allows the occupant to breathe in an oxygenated atmosphere.",
        "12": "Affectionately known as a \"wishbone\" to Rebel Alliance and New Republic pilots, the Y-wing starfighter is deployed as a fighter-bomber, designed to fight its way to its objective, deliver its payload of high explosives, and fight its way out again. Its weaponry includes two laser cannons, two ion cannons, and two proton torpedo launchers. An astromech droid, such as an R2 unit, can be plugged into a socket behind the cockpit to act as a co-pilot and manage the ship's various systems.",
        "13": "A pretty good droid for coordinating attacks. Not good at fighting, just good at planning."
    },
    "Navbar": {
        "searchPlaceholder": "What are you looking for?",
        "searchButtonLabel": "search products",
        "logoAlt": "Galaxy L10n Supplies",
        "searchIconAlt": "search icon",
        "greetingText": "Hello G11N Warrior",
        "historyLink": "ORDER HISTORY",
        "arrowAlt": "Drop Down Arrow",
        "cartAlt": "show cart",
        "navLinkHome": "HOME",
        "navLinkDroids": "DROIDS",
        "navLinkVehicles": "VEHICLES"
    },
    "Home": {
        "welcomeTitle": "Welcome to Galaxy L10n Supplies!",
        "welcomeSubtitle": "We provide everything you need to take on the Galactization (G11n) Challenge (and win).",
        "symbolAlt": "Imperial Credit currency symbol"
    },
    "Browse": {
        "browseTitleAll": "All",
        "browseTitleDroids": " droids",
        "browseTitleVehicles": " vehicles"
    },
    
    "Checkout": {
        "studentNote": "Students: Please ignore any i18n errors on this page! (Incl. name order, date input, etc.)",
        "checkoutTitle": "Checkout",
        "shipSectionLabel": "Shipping Info",
        "firstNameLabel": "First Name",
        "lastNameLabel": "Last Name",
        "coordinatesLabel": "Coordinates",
        "coordinatesHolder": "0,0,0",
        "sectorLabel": "Sector",
        "methodLabel": "Shipping Method",
        "shipLightspeed": "Lightspeed",
        "shipOvernight": "Overnight",
        "shipStandard": "Standard",
        "paySectionLabel": "Payment",
        "payNameLabel": "Name on Card",
        "payNameHolder": "First Last",
        "accountLabel": "Credit Number",
        "accountHolder": "1234 5678 9012 3456",
        "securityLabel": "Security Code",
        "securityHolder": "123",
        "expDateLabel": "Expiration Date",
        "cartTitle": "Shopping Cart",
        "deleteAlt": "remove item from cart",
        "totalLabel": "Total: ",
        "orderLabel": "PLACE ORDER",
        "termsStatement": "I have read and agree to the Terms and Conditions",
        "termsLink": "(View)",
        "successMessage": "Order placed successfully!",
        "noItemMessage": "Add items to cart to checkout."
    },
    "ProductShow": {
        "qtyLabel": "Qty: ",
        "addToCartLabel": "ADD TO CART"
    },
    "Cart": {
        "cartTitle": "Shopping Cart",
        "noItemMsg": "No items in cart.",
        "deleteAlt": "Delete item from cart",
        "totalTitle": "Total: ",
        "checkoutLabel": "CHECKOUT",
        "closeAlt": "Close Cart"
    },
    "Order": {
        "statusProcessing": "Processing",
        "statusShipped": "Shipped",
        "statusDelivered": "Delivered"
    },
    "OrderHistory": {
        "historyTitle": "Order History",
        "dateHeading": "Date",
        "numberHeading": "Order Number",
        "totalHeading": "Total",
        "statusHeading": "Status"
    },
    "Error404": {
        "errorMessage": "404 Error: Page not found."
    },
    "Bottombar": {
        "menuAlt": "open sidebar menu"
    },
    "LocaleSelector": {
        "localeLabel": "🌐",
        "localeUS": "English (USA)",
        "localeJP": "Japanese (JPN)"

    },
    "Special": "Special"
}
